{"cameraMode":{"drawMode":0,"name":"Shaded","section":"Shading Mode"},"sceneLighting":false,"audioPlay":false,"sceneViewState":{"showFog":true,"showMaterialUpdate":true,"showSkybox":false,"showFlares":true,"showImageEffects":true,"showParticleSystems":true},"in2DMode":false,"pivot":{"x":3.3195152282714845,"y":0.45596906542778017,"z":2.2499754428863527},"rotation":{"x":-0.20447058975696565,"y":0.5737996101379395,"z":-0.1506846696138382,"w":-0.7786130309104919},"size":4.483532905578613,"orthographic":false}